id	char
0		
1	

2	 
3	!
4	"
5	(
6	)
7	*
8	,
9	-
10	.
11	/
12	0
13	2
14	3
15	4
16	5
17	7
18	:
19	;
20	>
21	?
22	T
23	V
24	W
25	X
26	_
27	`
28	a
29	c
30	d
31	e
32	f
33	h
34	l
35	m
36	o
37	p
38	r
39	s
40	t
41	u
42	w
43	y
44	z
45	|
46	~
47	ǎ
48	Τ
49	σ
50	τ
51	Ё
52	Б
53	Г
54	Д
55	Е
56	Ж
57	З
58	К
59	Л
60	М
61	Н
62	О
63	Р
64	С
65	Т
66	У
67	Ф
68	Ц
69	Ч
70	Ш
71	Щ
72	Ъ
73	Ы
74	Ь
75	Э
76	Ю
77	Я
78	а
79	б
80	в
81	г
82	д
83	е
84	ж
85	з
86	и
87	й
88	к
89	л
90	м
91	н
92	о
93	п
94	р
95	с
96	т
97	у
98	ф
99	х
100	ц
101	ч
102	ш
103	щ
104	ъ
105	ы
106	ь
107	э
108	ю
109	я
110	ё
111	—
112	‘
113	’
114	“
115	”
116	…
117	∪
118	⑴
119	⑷
120	⑹
121	⒍
122	⒚
123	　
124	、
125	。
126	〉
127	《
128	》
129	ぁ
130	あ
131	え
132	ぉ
133	お
134	か
135	が
136	き
137	ぎ
138	く
139	ぐ
140	け
141	げ
142	こ
143	ご
144	さ
145	ざ
146	し
147	じ
148	す
149	ず
150	せ
151	ぜ
152	そ
153	た
154	だ
155	ち
156	ぢ
157	っ
158	つ
159	づ
160	て
161	の
162	べ
163	ぽ
164	ま
165	み
166	む
167	め
168	も
169	ゃ
170	や
171	ゅ
172	ゆ
173	ょ
174	よ
175	ァ
176	ア
177	ィ
178	イ
179	ゥ
180	ウ
181	ェ
182	ォ
183	オ
184	カ
185	ガ
186	キ
187	ギ
188	ク
189	グ
190	ケ
191	コ
192	ゴ
193	サ
194	シ
195	ス
196	ズ
197	ゼ
198	ゾ
199	チ
200	ヂ
201	ッ
202	ツ
203	ヅ
204	ニ
205	ヌ
206	ネ
207	ノ
208	パ
209	ピ
210	ブ
211	プ
212	ペ
213	ㄉ
214	ㄖ
215	一
216	丁
217	七
218	万
219	丈
220	三
221	上
222	下
223	不
224	与
225	丐
226	丑
227	专
228	且
229	世
230	丘
231	丙
232	业
233	丛
234	东
235	丝
236	丞
237	丢
238	两
239	严
240	丧
241	个
242	丫
243	中
244	丰
245	串
246	临
247	丸
248	丹
249	为
250	主
251	丽
252	举
253	乃
254	久
255	乇
256	么
257	义
258	之
259	乌
260	乍
261	乎
262	乏
263	乐
264	乔
265	乖
266	乘
267	乙
268	乜
269	九
270	乞
271	也
272	习
273	乡
274	书
275	乩
276	买
277	乱
278	乳
279	乾
280	了
281	予
282	争
283	事
284	二
285	于
286	亏
287	云
288	互
289	五
290	井
291	亘
292	些
293	亡
294	亢
295	交
296	亥
297	亦
298	产
299	亩
300	享
301	京
302	亭
303	亮
304	亲
305	亵
306	人
307	亿
308	什
309	仁
310	仃
311	仄
312	仅
313	仆
314	仇
315	今
316	介
317	仍
318	从
319	仓
320	仔
321	仕
322	他
323	仗
324	付
325	仙
326	代
327	令
328	以
329	仪
330	们
331	仰
332	仲
333	仵
334	件
335	价
336	任
337	份
338	仿
339	伊
340	伍
341	伏
342	伐
343	休
344	众
345	优
346	伙
347	会
348	伞
349	伟
350	传
351	伤
352	伦
353	伫
354	伯
355	估
356	伴
357	伶
358	伸
359	伺
360	似
361	伽
362	但
363	位
364	低
365	住
366	佐
367	佑
368	体
369	何
370	余
371	佚
372	佛
373	作
374	佞
375	你
376	佣
377	佩
378	佯
379	佳
380	佻
381	使
382	侄
383	侈
384	例
385	侍
386	侑
387	供
388	依
389	侠
390	侥
391	侦
392	侧
393	侪
394	侬
395	侮
396	侯
397	侵
398	便
399	促
400	俄
401	俊
402	俏
403	俐
404	俗
405	俘
406	保
407	俞
408	俟
409	信
410	俦
411	俨
412	俩
413	俭
414	修
415	俯
416	俱
417	俵
418	俸
419	俺
420	俾
421	倍
422	倏
423	倒
424	倔
425	倘
426	候
427	倚
428	借
429	倡
430	倦
431	倩
432	倪
433	倬
434	倭
435	债
436	值
437	倾
438	偃
439	假
440	偈
441	偌
442	偏
443	偕
444	做
445	停
446	健
447	偶
448	偷
449	偿
450	傅
451	傍
452	傧
453	储
454	催
455	傲
456	傻
457	像
458	僚
459	僧
460	僭
461	僵
462	僻
463	儒
464	儿
465	兀
466	允
467	元
468	兄
469	充
470	兆
471	先
472	光
473	克
474	免
475	兑
476	兔
477	兕
478	党
479	兜
480	兢
481	入
482	全
483	八
484	公
485	六
486	兮
487	兰
488	共
489	关
490	兴
491	兵
492	其
493	具
494	典
495	兹
496	养
497	兼
498	兽
499	冀
500	内
501	冉
502	册
503	再
504	冒
505	冗
506	写
507	军
508	农
509	冠
510	冢
511	冤
512	冥
513	冬
514	冯
515	冰
516	冲
517	决
518	况
519	冶
520	冷
521	冻
522	冽
523	净
524	凄
525	准
526	凉
527	凋
528	凌
529	减
530	凑
531	凛
532	凝
533	几
534	凡
535	凤
536	凫
537	凭
538	凯
539	凰
540	凳
541	凶
542	凸
543	凹
544	出
545	击
546	凿
547	刀
548	刁
549	分
550	切
551	刎
552	刑
553	划
554	列
555	刘
556	则
557	刚
558	创
559	初
560	删
561	判
562	刨
563	利
564	别
565	刮
566	到
567	制
568	刷
569	券
570	刹
571	刺
572	刻
573	剁
574	剂
575	剃
576	削
577	剌
578	前
579	剐
580	剑
581	剔
582	剖
583	剥
584	剧
585	剩
586	剪
587	副
588	割
589	剿
590	劈
591	力
592	劝
593	办
594	功
595	加
596	务
597	劣
598	动
599	助
600	努
601	劫
602	励
603	劲
604	劳
605	劾
606	势
607	勃
608	勇
609	勉
610	勋
611	勒
612	勖
613	勘
614	募
615	勤
616	勾
617	勿
618	匀
619	包
620	匆
621	匈
622	化
623	北
624	匙
625	匝
626	匠
627	匡
628	匣
629	匪
630	匮
631	匹
632	区
633	医
634	匾
635	匿
636	十
637	千
638	升
639	午
640	卉
641	半
642	华
643	协
644	卑
645	卒
646	卓
647	单
648	卖
649	南
650	博
651	卜
652	占
653	卤
654	卦
655	卧
656	卫
657	卯
658	印
659	危
660	即
661	却
662	卵
663	卷
664	卸
665	卿
666	厂
667	厄
668	厅
669	历
670	厉
671	压
672	厌
673	厕
674	厘
675	厚
676	厝
677	原
678	厢
679	厥
680	厦
681	厨
682	厮
683	去
684	县
685	参
686	又
687	叉
688	及
689	友
690	双
691	反
692	发
693	叔
694	取
695	受
696	变
697	叙
698	叛
699	叠
700	口
701	古
702	句
703	另
704	叨
705	叩
706	只
707	叫
708	召
709	叭
710	叮
711	可
712	台
713	叱
714	史
715	右
716	叵
717	叶
718	号
719	司
720	叹
721	叽
722	吁
723	吃
724	各
725	吆
726	合
727	吉
728	吊
729	同
730	名
731	后
732	吏
733	吐
734	向
735	吓
736	吕
737	吗
738	君
739	吝
740	吞
741	吟
742	吣
743	否
744	吧
745	吩
746	含
747	听
748	启
749	吱
750	吴
751	吵
752	吸
753	吹
754	吻
755	吾
756	呀
757	呆
758	呈
759	告
760	呕
761	员
762	呛
763	呜
764	呢
765	呦
766	周
767	呱
768	呲
769	味
770	呵
771	呶
772	呷
773	呸
774	呻
775	呼
776	命
777	咀
778	咂
779	和
780	咏
781	咐
782	咒
783	咕
784	咙
785	咚
786	咛
787	咤
788	咧
789	咨
790	咬
791	咭
792	咯
793	咱
794	咳
795	咸
796	咻
797	咽
798	哀
799	品
800	哄
801	哆
802	哇
803	哈
804	哉
805	响
806	哎
807	哑
808	哗
809	哝
810	哟
811	哥
812	哦
813	哧
814	哨
815	哩
816	哪
817	哭
818	哼
819	哽
820	唆
821	唇
822	唉
823	唏
824	唐
825	唠
826	唣
827	唤
828	唧
829	唪
830	唬
831	唯
832	唰
833	唱
834	唳
835	唼
836	唾
837	唿
838	啃
839	啄
840	商
841	啊
842	啐
843	啕
844	啖
845	啬
846	啷
847	啸
848	啻
849	啼
850	啾
851	喀
852	喂
853	喃
854	善
855	喇
856	喉
857	喊
858	喋
859	喏
860	喑
861	喘
862	喜
863	喝
864	喧
865	喳
866	喷
867	喻
868	喽
869	嗄
870	嗅
871	嗌
872	嗐
873	嗓
874	嗔
875	嗜
876	嗟
877	嗡
878	嗣
879	嗤
880	嗬
881	嗳
882	嗷
883	嗽
884	嘁
885	嘈
886	嘉
887	嘎
888	嘘
889	嘟
890	嘱
891	嘲
892	嘴
893	嘶
894	嘻
895	噎
896	噔
897	噗
898	噙
899	噜
900	噤
901	器
902	噪
903	噫
904	噭
905	嚎
906	嚏
907	嚷
908	嚼
909	囊
910	囔
911	囚
912	四
913	回
914	囟
915	因
916	团
917	园
918	困
919	围
920	囹
921	固
922	国
923	图
924	圃
925	圄
926	圆
927	圈
928	圊
929	土
930	圣
931	在
932	圭
933	地
934	圹
935	场
936	址
937	均
938	坊
939	坍
940	坎
941	坏
942	坐
943	坑
944	块
945	坚
946	坛
947	坞
948	坟
949	坠
950	坡
951	坤
952	坦
953	坳
954	坷
955	垂
956	垄
957	垒
958	垛
959	垢
960	垣
961	垤
962	垦
963	垫
964	埂
965	埃
966	埋
967	城
968	埘
969	埠
970	培
971	基
972	堂
973	堆
974	堑
975	堕
976	堡
977	堤
978	堪
979	堵
980	塌
981	塍
982	塑
983	塔
984	塘
985	塞
986	填
987	塾
988	墀
989	境
990	墅
991	墓
992	墙
993	增
994	墟
995	墨
996	墩
997	壁
998	壅
999	壑
1000	壤
1001	士
1002	壬
1003	壮
1004	声
1005	壳
1006	壶
1007	处
1008	备
1009	复
1010	夏
1011	夔
1012	夕
1013	外
1014	夙
1015	多
1016	夜
1017	够
1018	夤
1019	大
1020	天
1021	太
1022	夫
1023	夭
1024	央
1025	夯
1026	失
1027	头
1028	夷
1029	夸
1030	夹
1031	夺
1032	奁
1033	奄
1034	奇
1035	奈
1036	奉
1037	奋
1038	奎
1039	奏
1040	契
1041	奔
1042	奕
1043	奖
1044	套
1045	奚
1046	奠
1047	奢
1048	奥
1049	女
1050	奴
1051	奶
1052	奸
1053	好
1054	如
1055	妃
1056	妄
1057	妆
1058	妇
1059	妈
1060	妍
1061	妒
1062	妓
1063	妖
1064	妙
1065	妞
1066	妥
1067	妨
1068	妩
1069	妪
1070	妯
1071	妹
1072	妻
1073	妾
1074	姆
1075	姊
1076	始
1077	姐
1078	姑
1079	姓
1080	委
1081	姜
1082	姝
1083	姣
1084	姥
1085	姨
1086	姬
1087	姹
1088	姻
1089	姽
1090	姿
1091	威
1092	娃
1093	娄
1094	娆
1095	娇
1096	娈
1097	娉
1098	娌
1099	娑
1100	娘
1101	娜
1102	娟
1103	娣
1104	娥
1105	娲
1106	娴
1107	娶
1108	娼
1109	婆
1110	婉
1111	婚
1112	婢
1113	婪
1114	婳
1115	婵
1116	婶
1117	婷
1118	婺
1119	婿
1120	媒
1121	媖
1122	媚
1123	媛
1124	媪
1125	媳
1126	嫁
1127	嫂
1128	嫉
1129	嫌
1130	嫒
1131	嫔
1132	嫖
1133	嫠
1134	嫡
1135	嫣
1136	嫦
1137	嫩
1138	嫱
1139	嬉
1140	嬗
1141	嬷
1142	孀
1143	子
1144	孔
1145	孕
1146	字
1147	存
1148	孙
1149	孝
1150	孟
1151	季
1152	孤
1153	学
1154	孩
1155	孰
1156	孳
1157	孺
1158	孽
1159	宁
1160	宅
1161	宇
1162	守
1163	安
1164	宋
1165	完
1166	宏
1167	宓
1168	宗
1169	官
1170	定
1171	宛
1172	宜
1173	宝
1174	实
1175	宠
1176	审
1177	客
1178	宣
1179	室
1180	宥
1181	宦
1182	宪
1183	宫
1184	宰
1185	害
1186	宴
1187	宵
1188	家
1189	宸
1190	容
1191	宽
1192	宾
1193	宿
1194	寂
1195	寄
1196	寅
1197	密
1198	寇
1199	富
1200	寐
1201	寒
1202	寓
1203	寝
1204	寞
1205	察
1206	寡
1207	寤
1208	寥
1209	寰
1210	寸
1211	对
1212	寺
1213	寻
1214	导
1215	寿
1216	封
1217	射
1218	将
1219	尉
1220	尊
1221	小
1222	少
1223	尔
1224	尖
1225	尘
1226	尚
1227	尝
1228	尤
1229	尧
1230	尬
1231	就
1232	尴
1233	尸
1234	尹
1235	尺
1236	尼
1237	尽
1238	尾
1239	尿
1240	局
1241	屁
1242	层
1243	屄
1244	居
1245	屈
1246	屉
1247	届
1248	屋
1249	屎
1250	屏
1251	屐
1252	屑
1253	展
1254	属
1255	屠
1256	屣
1257	履
1258	屯
1259	山
1260	岁
1261	岂
1262	岑
1263	岔
1264	岚
1265	岛
1266	岢
1267	岩
1268	岫
1269	岭
1270	岳
1271	岸
1272	峡
1273	峥
1274	峨
1275	峭
1276	峰
1277	峻
1278	崇
1279	崔
1280	崖
1281	崩
1282	崽
1283	嵇
1284	嵌
1285	嵘
1286	嵩
1287	嵬
1288	嶂
1289	巅
1290	巍
1291	川
1292	州
1293	巡
1294	巢
1295	工
1296	左
1297	巧
1298	巨
1299	巫
1300	差
1301	己
1302	已
1303	巳
1304	巴
1305	巷
1306	巾
1307	市
1308	布
1309	帅
1310	帆
1311	师
1312	希
1313	帏
1314	帐
1315	帑
1316	帔
1317	帕
1318	帖
1319	帘
1320	帚
1321	帛
1322	帜
1323	帝
1324	带
1325	席
1326	帮
1327	帷
1328	常
1329	帼
1330	帽
1331	幄
1332	幅
1333	幌
1334	幔
1335	幕
1336	幛
1337	幡
1338	幢
1339	干
1340	平
1341	年
1342	并
1343	幸
1344	幺
1345	幻
1346	幼
1347	幽
1348	广
1349	庄
1350	庆
1351	庇
1352	床
1353	序
1354	庐
1355	庑
1356	库
1357	应
1358	底
1359	庖
1360	店
1361	庙
1362	庚
1363	府
1364	庞
1365	废
1366	度
1367	座
1368	庭
1369	庵
1370	庶
1371	康
1372	庸
1373	庾
1374	廉
1375	廊
1376	延
1377	廷
1378	建
1379	开
1380	异
1381	弃
1382	弄
1383	弈
1384	弊
1385	弋
1386	式
1387	弑
1388	弓
1389	引
1390	弗
1391	弘
1392	弛
1393	弟
1394	张
1395	弥
1396	弦
1397	弯
1398	弱
1399	弹
1400	强
1401	弼
1402	归
1403	当
1404	录
1405	彘
1406	彝
1407	形
1408	彩
1409	彪
1410	彭
1411	彰
1412	影
1413	彷
1414	役
1415	彻
1416	彼
1417	往
1418	征
1419	径
1420	待
1421	徇
1422	很
1423	徊
1424	律
1425	徐
1426	徒
1427	得
1428	徘
1429	御
1430	徨
1431	循
1432	徭
1433	微
1434	徵
1435	德
1436	徽
1437	心
1438	必
1439	忆
1440	忌
1441	忍
1442	忏
1443	忒
1444	忖
1445	志
1446	忘
1447	忙
1448	忝
1449	忠
1450	忡
1451	忤
1452	忧
1453	快
1454	忱
1455	念
1456	忽
1457	忿
1458	怀
1459	态
1460	怂
1461	怄
1462	怅
1463	怎
1464	怏
1465	怒
1466	怔
1467	怕
1468	怖
1469	怜
1470	思
1471	怠
1472	怡
1473	急
1474	怦
1475	性
1476	怨
1477	怪
1478	怯
1479	总
1480	恁
1481	恃
1482	恋
1483	恍
1484	恐
1485	恒
1486	恕
1487	恙
1488	恢
1489	恣
1490	恤
1491	恨
1492	恩
1493	恬
1494	恭
1495	息
1496	恰
1497	恳
1498	恶
1499	恸
1500	恹
1501	恺
1502	恻
1503	恼
1504	恿
1505	悄
1506	悉
1507	悍
1508	悒
1509	悔
1510	悚
1511	悟
1512	悠
1513	患
1514	悦
1515	您
1516	悫
1517	悬
1518	悯
1519	悲
1520	悴
1521	悼
1522	情
1523	惆
1524	惊
1525	惋
1526	惑
1527	惓
1528	惕
1529	惚
1530	惜
1531	惟
1532	惠
1533	惦
1534	惧
1535	惨
1536	惫
1537	惬
1538	惭
1539	惯
1540	惰
1541	想
1542	惶
1543	惹
1544	惺
1545	愁
1546	愆
1547	愈
1548	愍
1549	意
1550	愕
1551	愚
1552	感
1553	愠
1554	愤
1555	愦
1556	愧
1557	愿
1558	慈
1559	慌
1560	慎
1561	慑
1562	慕
1563	慢
1564	慧
1565	慨
1566	慰
1567	慵
1568	慷
1569	憋
1570	憎
1571	憔
1572	憨
1573	憩
1574	憬
1575	憷
1576	憾
1577	懂
1578	懈
1579	懊
1580	懑
1581	懒
1582	懦
1583	懵
1584	戈
1585	戌
1586	戍
1587	戎
1588	戏
1589	成
1590	我
1591	戒
1592	戕
1593	或
1594	戗
1595	战
1596	戚
1597	戟
1598	戥
1599	截
1600	戮
1601	戳
1602	戴
1603	户
1604	戾
1605	房
1606	所
1607	扁
1608	扇
1609	手
1610	才
1611	扎
1612	扑
1613	扒
1614	打
1615	扔
1616	托
1617	扛
1618	扣
1619	执
1620	扪
1621	扫
1622	扬
1623	扭
1624	扮
1625	扯
1626	扰
1627	扳
1628	扶
1629	批
1630	找
1631	承
1632	技
1633	抄
1634	把
1635	抑
1636	抓
1637	投
1638	抖
1639	抗
1640	折
1641	抚
1642	抛
1643	抠
1644	抡
1645	抢
1646	护
1647	报
1648	披
1649	抬
1650	抱
1651	抵
1652	抹
1653	押
1654	抽
1655	抿
1656	拂
1657	拄
1658	担
1659	拆
1660	拇
1661	拈
1662	拉
1663	拌
1664	拍
1665	拐
1666	拒
1667	拔
1668	拖
1669	拗
1670	拘
1671	拙
1672	拚
1673	招
1674	拜
1675	拟
1676	拢
1677	拣
1678	拥
1679	拦
1680	拧
1681	拨
1682	择
1683	括
1684	拭
1685	拮
1686	拱
1687	拳
1688	拴
1689	拶
1690	拷
1691	拼
1692	拽
1693	拾
1694	拿
1695	持
1696	挂
1697	指
1698	按
1699	挑
1700	挖
1701	挝
1702	挞
1703	挟
1704	挠
1705	挡
1706	挣
1707	挤
1708	挥
1709	挨
1710	挪
1711	挫
1712	振
1713	挲
1714	挺
1715	挽
1716	捆
1717	捉
1718	捎
1719	捏
1720	捐
1721	捕
1722	捞
1723	损
1724	捡
1725	换
1726	捣
1727	捧
1728	据
1729	捱
1730	捶
1731	捷
1732	捺
1733	捻
1734	掀
1735	掂
1736	掇
1737	授
1738	掉
1739	掊
1740	掌
1741	掏
1742	掐
1743	排
1744	掖
1745	掘
1746	掠
1747	探
1748	掣
1749	接
1750	控
1751	推
1752	掩
1753	措
1754	掬
1755	掰
1756	掳
1757	掷
1758	掸
1759	掺
1760	揆
1761	揉
1762	揎
1763	描
1764	提
1765	插
1766	揖
1767	握
1768	揣
1769	揩
1770	揪
1771	揭
1772	揲
1773	援
1774	揽
1775	搀
1776	搁
1777	搂
1778	搅
1779	搏
1780	搐
1781	搓
1782	搔
1783	搛
1784	搜
1785	搦
1786	搪
1787	搬
1788	搭
1789	搴
1790	携
1791	摄
1792	摆
1793	摇
1794	摊
1795	摔
1796	摘
1797	摧
1798	摩
1799	摸
1800	摹
1801	撂
1802	撅
1803	撇
1804	撑
1805	撒
1806	撕
1807	撞
1808	撤
1809	撩
1810	播
1811	撮
1812	撰
1813	撵
1814	撷
1815	撺
1816	撼
1817	擂
1818	擅
1819	操
1820	擎
1821	擒
1822	擢
1823	擦
1824	攀
1825	攒
1826	攥
1827	攮
1828	支
1829	收
1830	改
1831	攻
1832	放
1833	政
1834	故
1835	效
1836	敌
1837	敏
1838	救
1839	敔
1840	敕
1841	教
1842	敛
1843	敝
1844	敞
1845	敢
1846	散
1847	敦
1848	敬
1849	数
1850	敲
1851	整
1852	敷
1853	文
1854	斋
1855	斑
1856	斓
1857	斗
1858	料
1859	斛
1860	斜
1861	斝
1862	斟
1863	斤
1864	斧
1865	斩
1866	斫
1867	断
1868	斯
1869	新
1870	方
1871	施
1872	旁
1873	旄
1874	旅
1875	旋
1876	旌
1877	族
1878	旗
1879	无
1880	既
1881	日
1882	旦
1883	旧
1884	旨
1885	早
1886	旬
1887	旱
1888	时
1889	旷
1890	旺
1891	昀
1892	昂
1893	昆
1894	昌
1895	明
1896	昏
1897	易
1898	昔
1899	星
1900	映
1901	春
1902	昧
1903	昨
1904	昭
1905	是
1906	昵
1907	昼
1908	显
1909	晃
1910	晋
1911	晌
1912	晏
1913	晒
1914	晓
1915	晕
1916	晖
1917	晚
1918	晤
1919	晦
1920	晨
1921	普
1922	景
1923	晰
1924	晴
1925	晶
1926	智
1927	晾
1928	暂
1929	暄
1930	暇
1931	暑
1932	暖
1933	暗
1934	暮
1935	暴
1936	暹
1937	曦
1938	曩
1939	曰
1940	曲
1941	曳
1942	更
1943	曷
1944	曹
1945	曼
1946	曾
1947	替
1948	最
1949	月
1950	有
1951	朋
1952	服
1953	朔
1954	朕
1955	朗
1956	望
1957	朝
1958	期
1959	朦
1960	木
1961	未
1962	末
1963	本
1964	札
1965	术
1966	朱
1967	朴
1968	朵
1969	机
1970	朽
1971	杀
1972	杂
1973	权
1974	杆
1975	杉
1976	杌
1977	李
1978	杏
1979	材
1980	村
1981	杓
1982	杖
1983	杜
1984	杞
1985	束
1986	杠
1987	条
1988	来
1989	杨
1990	杩
1991	杪
1992	杭
1993	杯
1994	杰
1995	杳
1996	松
1997	板
1998	极
1999	构
2000	枉
2001	枒
2002	枕
2003	林
2004	枚
2005	果
2006	枝
2007	枢
2008	枣
2009	枪
2010	枫
2011	枯
2012	枰
2013	枳
2014	架
2015	枷
2016	枸
2017	柄
2018	柏
2019	某
2020	染
2021	柔
2022	柘
2023	柚
2024	柜
2025	柢
2026	查
2027	柩
2028	柬
2029	柯
2030	柱
2031	柳
2032	柴
2033	栅
2034	标
2035	栉
2036	栊
2037	栋
2038	栎
2039	栏
2040	树
2041	栖
2042	栗
2043	栩
2044	株
2045	样
2046	核
2047	根
2048	格
2049	栽
2050	桀
2051	桂
2052	桃
2053	框
2054	案
2055	桌
2056	桎
2057	桐
2058	桑
2059	桓
2060	桔
2061	桡
2062	档
2063	桥
2064	桧
2065	桨
2066	桩
2067	桶
2068	梁
2069	梅
2070	梆
2071	梏
2072	梓
2073	梗
2074	梢
2075	梦
2076	梧
2077	梨
2078	梯
2079	械
2080	梳
2081	梵
2082	检
2083	棉
2084	棋
2085	棍
2086	棒
2087	棕
2088	棘
2089	棚
2090	棠
2091	森
2092	棵
2093	棹
2094	棺
2095	椁
2096	椅
2097	椋
2098	植
2099	椒
2100	椽
2101	椿
2102	楚
2103	楞
2104	楠
2105	楣
2106	楫
2107	楷
2108	楸
2109	楹
2110	楼
2111	概
2112	榄
2113	榆
2114	榔
2115	榛
2116	榜
2117	榧
2118	榭
2119	榴
2120	榻
2121	槁
2122	槌
2123	槎
2124	槐
2125	槔
2126	槛
2127	槟
2128	槽
2129	槿
2130	樊
2131	樗
2132	模
2133	樨
2134	横
2135	樯
2136	樱
2137	樵
2138	樽
2139	樾
2140	橄
2141	橇
2142	橙
2143	橛
2144	橱
2145	橼
2146	檀
2147	檐
2148	檠
2149	檫
2150	欠
2151	次
2152	欢
2153	欣
2154	欤
2155	欧
2156	欲
2157	欷
2158	欹
2159	欺
2160	款
2161	歇
2162	歉
2163	歌
2164	止
2165	正
2166	此
2167	步
2168	武
2169	歧
2170	歪
2171	歹
2172	死
2173	殁
2174	殂
2175	殃
2176	殄
2177	殆
2178	殇
2179	殉
2180	殊
2181	残
2182	殒
2183	殓
2184	殚
2185	殡
2186	殴
2187	段
2188	殷
2189	殿
2190	毁
2191	母
2192	每
2193	毒
2194	毓
2195	比
2196	毕
2197	毙
2198	毛
2199	毡
2200	毫
2201	毯
2202	氅
2203	氆
2204	氇
2205	氏
2206	民
2207	气
2208	氤
2209	氲
2210	水
2211	永
2212	汀
2213	汁
2214	求
2215	汇
2216	汉
2217	汕
2218	汗
2219	汝
2220	汞
2221	江
2222	池
2223	污
2224	汤
2225	汪
2226	汰
2227	汲
2228	沁
2229	沈
2230	沉
2231	沌
2232	沏
2233	沐
2234	沓
2235	沙
2236	沟
2237	没
2238	沤
2239	沥
2240	沦
2241	沧
2242	沫
2243	河
2244	沸
2245	油
2246	治
2247	沼
2248	沽
2249	沾
2250	沿
2251	泄
2252	泉
2253	泊
2254	法
2255	泛
2256	泞
2257	泠
2258	泡
2259	波
2260	泣
2261	泥
2262	注
2263	泪
2264	泯
2265	泰
2266	泻
2267	泼
2268	泽
2269	洁
2270	洄
2271	洇
2272	洋
2273	洒
2274	洗
2275	洛
2276	洞
2277	津
2278	洪
2279	洱
2280	洲
2281	活
2282	洼
2283	洽
2284	派
2285	流
2286	浅
2287	浆
2288	浇
2289	浊
2290	测
2291	济
2292	浏
2293	浑
2294	浓
2295	浙
2296	浣
2297	浦
2298	浩
2299	浪
2300	浮
2301	浴
2302	海
2303	浸
2304	涂
2305	消
2306	涉
2307	涌
2308	涎
2309	涕
2310	涛
2311	涝
2312	涞
2313	涤
2314	润
2315	涨
2316	涩
2317	涯
2318	液
2319	涵
2320	涸
2321	淅
2322	淇
2323	淋
2324	淌
2325	淑
2326	淖
2327	淘
2328	淡
2329	淤
2330	淫
2331	淮
2332	深
2333	混
2334	淹
2335	添
2336	清
2337	渊
2338	渍
2339	渎
2340	渐
2341	渔
2342	渗
2343	渚
2344	渠
2345	渡
2346	渣
2347	渥
2348	温
2349	港
2350	渴
2351	游
2352	渺
2353	湃
2354	湍
2355	湖
2356	湘
2357	湫
2358	湮
2359	湾
2360	湿
2361	溃
2362	溅
2363	溆
2364	溉
2365	源
2366	溘
2367	溜
2368	溢
2369	溪
2370	溯
2371	溶
2372	溺
2373	滇
2374	滋
2375	滑
2376	滓
2377	滔
2378	滚
2379	滞
2380	满
2381	滥
2382	滩
2383	滴
2384	漂
2385	漆
2386	漉
2387	漏
2388	漓
2389	演
2390	漕
2391	漠
2392	漫
2393	漱
2394	潇
2395	潘
2396	潜
2397	潢
2398	潦
2399	潭
2400	潮
2401	潸
2402	潺
2403	潼
2404	澄
2405	澌
2406	澡
2407	激
2408	濡
2409	濯
2410	灌
2411	灞
2412	火
2413	灭
2414	灯
2415	灰
2416	灵
2417	灶
2418	灸
2419	灼
2420	灾
2421	灿
2422	炉
2423	炊
2424	炎
2425	炒
2426	炕
2427	炖
2428	炙
2429	炫
2430	炬
2431	炭
2432	炮
2433	炯
2434	炳
2435	炷
2436	炸
2437	点
2438	炼
2439	炽
2440	烁
2441	烂
2442	烈
2443	烘
2444	烙
2445	烛
2446	烟
2447	烤
2448	烦
2449	烧
2450	烫
2451	烬
2452	热
2453	烹
2454	焉
2455	焐
2456	焕
2457	焙
2458	焚
2459	焦
2460	焯
2461	焰
2462	然
2463	煅
2464	煌
2465	煎
2466	煞
2467	煤
2468	照
2469	煨
2470	煮
2471	煽
2472	熄
2473	熊
2474	熏
2475	熔
2476	熙
2477	熟
2478	熨
2479	熬
2480	燃
2481	燎
2482	燔
2483	燕
2484	燥
2485	燹
2486	爆
2487	爨
2488	爪
2489	爬
2490	爰
2491	爱
2492	爵
2493	父
2494	爷
2495	爹
2496	爻
2497	爽
2498	片
2499	版
2500	牌
2501	牍
2502	牖
2503	牙
2504	牛
2505	牝
2506	牟
2507	牡
2508	牢
2509	物
2510	牲
2511	牵
2512	特
2513	犀
2514	犁
2515	犄
2516	犒
2517	犟
2518	犬
2519	犯
2520	状
2521	犹
2522	狂
2523	狄
2524	狈
2525	狍
2526	狎
2527	狐
2528	狗
2529	狞
2530	狠
2531	狡
2532	独
2533	狭
2534	狮
2535	狰
2536	狱
2537	狲
2538	狸
2539	狺
2540	狼
2541	猁
2542	猖
2543	猗
2544	猛
2545	猜
2546	猞
2547	猢
2548	猩
2549	猪
2550	猫
2551	猬
2552	献
2553	猴
2554	猾
2555	猿
2556	獐
2557	獗
2558	獠
2559	獭
2560	獾
2561	玄
2562	率
2563	玉
2564	王
2565	玎
2566	玑
2567	玕
2568	玛
2569	玩
2570	玫
2571	环
2572	现
2573	玲
2574	玳
2575	玷
2576	玺
2577	玻
2578	珀
2579	珊
2580	珍
2581	珐
2582	珑
2583	珞
2584	珠
2585	珩
2586	班
2587	珰
2588	球
2589	琅
2590	理
2591	琉
2592	琏
2593	琐
2594	琛
2595	琢
2596	琥
2597	琪
2598	琮
2599	琳
2600	琴
2601	琵
2602	琶
2603	琼
2604	瑁
2605	瑕
2606	瑙
2607	瑚
2608	瑛
2609	瑞
2610	瑟
2611	瑰
2612	瑶
2613	璃
2614	璎
2615	璜
2616	璧
2617	瓜
2618	瓟
2619	瓠
2620	瓢
2621	瓣
2622	瓤
2623	瓦
2624	瓮
2625	瓯
2626	瓶
2627	瓷
2628	甄
2629	甓
2630	甘
2631	甚
2632	甜
2633	生
2634	甥
2635	用
2636	甩
2637	甬
2638	田
2639	由
2640	甲
2641	申
2642	电
2643	男
2644	甸
2645	画
2646	畀
2647	畅
2648	界
2649	畏
2650	畔
2651	留
2652	畜
2653	畤
2654	略
2655	畦
2656	番
2657	畸
2658	疆
2659	疏
2660	疑
2661	疔
2662	疗
2663	疙
2664	疤
2665	疮
2666	疯
2667	疲
2668	疵
2669	疹
2670	疼
2671	疾
2672	病
2673	症
2674	痊
2675	痒
2676	痕
2677	痘
2678	痛
2679	痨
2680	痰
2681	痴
2682	瘌
2683	瘟
2684	瘢
2685	瘦
2686	瘩
2687	瘫
2688	瘰
2689	瘸
2690	癍
2691	癖
2692	癞
2693	癣
2694	癫
2695	登
2696	白
2697	百
2698	皂
2699	的
2700	皆
2701	皇
2702	皎
2703	皑
2704	皓
2705	皤
2706	皮
2707	皱
2708	皴
2709	皿
2710	盂
2711	盅
2712	盆
2713	盈
2714	益
2715	盏
2716	盐
2717	监
2718	盒
2719	盔
2720	盖
2721	盗
2722	盘
2723	盛
2724	盟
2725	盥
2726	目
2727	直
2728	相
2729	盹
2730	盼
2731	盾
2732	省
2733	眉
2734	看
2735	真
2736	眠
2737	眦
2738	眩
2739	眯
2740	眷
2741	眸
2742	眼
2743	着
2744	睁
2745	睇
2746	睚
2747	睛
2748	睡
2749	睢
2750	督
2751	睦
2752	睬
2753	睹
2754	睿
2755	瞅
2756	瞎
2757	瞒
2758	瞟
2759	瞥
2760	瞧
2761	瞪
2762	瞬
2763	瞳
2764	瞻
2765	瞽
2766	矗
2767	矛
2768	矜
2769	矢
2770	矣
2771	知
2772	矩
2773	矫
2774	短
2775	矮
2776	石
2777	矶
2778	矸
2779	矾
2780	砂
2781	砌
2782	砍
2783	砒
2784	研
2785	砖
2786	砚
2787	砣
2788	砧
2789	砭
2790	砰
2791	破
2792	砸
2793	砾
2794	硌
2795	硕
2796	硝
2797	硬
2798	确
2799	碌
2800	碍
2801	碎
2802	碑
2803	碓
2804	碗
2805	碜
2806	碟
2807	碣
2808	碧
2809	碰
2810	碴
2811	碾
2812	磁
2813	磊
2814	磐
2815	磕
2816	磨
2817	磬
2818	磴
2819	磷
2820	礰
2821	示
2822	礼
2823	社
2824	祀
2825	祈
2826	祖
2827	祗
2828	祚
2829	祛
2830	祝
2831	神
2832	祟
2833	祠
2834	祥
2835	祧
2836	票
2837	祭
2838	祯
2839	祶
2840	祷
2841	祸
2842	祺
2843	禀
2844	禁
2845	禄
2846	禅
2847	福
2848	禧
2849	禹
2850	离
2851	禽
2852	禾
2853	秀
2854	私
2855	秃
2856	秉
2857	秋
2858	种
2859	科
2860	秘
2861	租
2862	秤
2863	秦
2864	秧
2865	积
2866	称
2867	移
2868	秽
2869	秾
2870	稀
2871	稂
2872	程
2873	稍
2874	税
2875	稔
2876	稗
2877	稚
2878	稠
2879	稳
2880	稻
2881	稼
2882	稽
2883	稿
2884	穆
2885	穑
2886	穗
2887	穰
2888	穴
2889	究
2890	穷
2891	穸
2892	穹
2893	空
2894	穿
2895	窀
2896	突
2897	窃
2898	窄
2899	窍
2900	窑
2901	窗
2902	窘
2903	窜
2904	窝
2905	窟
2906	窠
2907	窥
2908	窭
2909	窿
2910	立
2911	竖
2912	站
2913	竞
2914	竟
2915	章
2916	竣
2917	童
2918	竭
2919	端
2920	竹
2921	竽
2922	竿
2923	笃
2924	笄
2925	笆
2926	笋
2927	笏
2928	笑
2929	笔
2930	笙
2931	笛
2932	笞
2933	笠
2934	笤
2935	符
2936	笨
2937	第
2938	笺
2939	笼
2940	笾
2941	筅
2942	等
2943	筋
2944	筏
2945	筑
2946	筒
2947	答
2948	策
2949	筛
2950	筜
2951	筝
2952	筵
2953	筷
2954	筹
2955	筼
2956	签
2957	简
2958	箍
2959	箕
2960	算
2961	管
2962	箦
2963	箧
2964	箩
2965	箪
2966	箫
2967	箬
2968	箭
2969	箱
2970	箴
2971	箸
2972	篆
2973	篇
2974	篓
2975	篙
2976	篦
2977	篮
2978	篱
2979	篷
2980	篾
2981	簇
2982	簋
2983	簌
2984	簟
2985	簧
2986	簪
2987	簸
2988	簿
2989	籁
2990	籍
2991	米
2992	类
2993	粉
2994	粒
2995	粗
2996	粘
2997	粝
2998	粤
2999	粥
3000	粪
3001	粮
3002	粱
3003	粳
3004	粼
3005	粽
3006	精
3007	糊
3008	糕
3009	糖
3010	糙
3011	糜
3012	糟
3013	糠
3014	糯
3015	系
3016	紊
3017	素
3018	索
3019	紧
3020	紫
3021	累
3022	絮
3023	縠
3024	縻
3025	繁
3026	繇
3027	纂
3028	纛
3029	纠
3030	纡
3031	红
3032	纣
3033	纤
3034	约
3035	级
3036	纨
3037	纪
3038	纫
3039	纬
3040	纯
3041	纱
3042	纲
3043	纳
3044	纵
3045	纶
3046	纷
3047	纸
3048	纹
3049	纺
3050	纾
3051	线
3052	练
3053	组
3054	绅
3055	细
3056	织
3057	终
3058	绉
3059	绊
3060	绍
3061	绎
3062	经
3063	绑
3064	绒
3065	结
3066	绔
3067	绕
3068	给
3069	绛
3070	络
3071	绝
3072	绞
3073	统
3074	绡
3075	绢
3076	绣
3077	绦
3078	继
3079	绩
3080	绪
3081	绫
3082	续
3083	绮
3084	绰
3085	绱
3086	绳
3087	维
3088	绵
3089	绸
3090	绺
3091	绻
3092	绽
3093	绾
3094	绿
3095	缀
3096	缁
3097	缂
3098	缄
3099	缆
3100	缈
3101	缉
3102	缋
3103	缎
3104	缓
3105	缕
3106	编
3107	缘
3108	缚
3109	缝
3110	缟
3111	缠
3112	缢
3113	缤
3114	缥
3115	缦
3116	缨
3117	缩
3118	缪
3119	缭
3120	缮
3121	缯
3122	缱
3123	缴
3124	缸
3125	缺
3126	罄
3127	罐
3128	网
3129	罔
3130	罕
3131	罗
3132	罘
3133	罚
3134	罢
3135	罦
3136	罩
3137	罪
3138	罬
3139	置
3140	署
3141	罴
3142	罽
3143	羁
3144	羊
3145	羌
3146	美
3147	羔
3148	羞
3149	羡
3150	群
3151	羯
3152	羲
3153	羸
3154	羹
3155	羼
3156	羽
3157	翁
3158	翅
3159	翎
3160	翔
3161	翘
3162	翠
3163	翡
3164	翥
3165	翩
3166	翰
3167	翳
3168	翻
3169	翼
3170	耀
3171	老
3172	考
3173	者
3174	耆
3175	而
3176	耍
3177	耐
3178	耕
3179	耗
3180	耪
3181	耳
3182	耶
3183	耸
3184	耻
3185	耽
3186	耿
3187	聂
3188	聆
3189	聊
3190	聋
3191	职
3192	聒
3193	联
3194	聘
3195	聚
3196	聪
3197	肃
3198	肄
3199	肆
3200	肉
3201	肋
3202	肌
3203	肓
3204	肖
3205	肘
3206	肚
3207	肝
3208	肠
3209	股
3210	肢
3211	肤
3212	肥
3213	肩
3214	肮
3215	肯
3216	育
3217	肴
3218	肷
3219	肺
3220	肿
3221	胀
3222	胁
3223	胃
3224	胆
3225	背
3226	胎
3227	胖
3228	胜
3229	胞
3230	胡
3231	胥
3232	胧
3233	胫
3234	胭
3235	胱
3236	胳
3237	胶
3238	胸
3239	能
3240	脂
3241	脆
3242	脉
3243	脊
3244	脏
3245	脐
3246	脑
3247	脓
3248	脖
3249	脚
3250	脯
3251	脱
3252	脸
3253	脾
3254	腆
3255	腊
3256	腋
3257	腌
3258	腐
3259	腑
3260	腔
3261	腕
3262	腥
3263	腮
3264	腰
3265	腹
3266	腻
3267	腼
3268	腾
3269	腿
3270	膀
3271	膈
3272	膊
3273	膏
3274	膛
3275	膝
3276	膨
3277	膳
3278	膺
3279	膻
3280	臀
3281	臂
3282	臆
3283	臊
3284	臣
3285	自
3286	臭
3287	至
3288	致
3289	臻
3290	臼
3291	臾
3292	舀
3293	舅
3294	舆
3295	舌
3296	舍
3297	舒
3298	舔
3299	舛
3300	舜
3301	舞
3302	舟
3303	舡
3304	舫
3305	般
3306	舱
3307	舵
3308	舷
3309	船
3310	舻
3311	艘
3312	艟
3313	良
3314	艰
3315	色
3316	艳
3317	艺
3318	艾
3319	节
3320	芈
3321	芋
3322	芍
3323	芎
3324	芏
3325	芒
3326	芙
3327	芜
3328	芝
3329	芟
3330	芥
3331	芦
3332	芪
3333	芬
3334	芭
3335	芰
3336	花
3337	芳
3338	芷
3339	芸
3340	芹
3341	芽
3342	苇
3343	苍
3344	苏
3345	苑
3346	苒
3347	苓
3348	苔
3349	苗
3350	苛
3351	苞
3352	苟
3353	若
3354	苦
3355	英
3356	苹
3357	茁
3358	茂
3359	范
3360	茄
3361	茅
3362	茆
3363	茉
3364	茎
3365	茏
3366	茑
3367	茔
3368	茗
3369	茜
3370	茝
3371	茧
3372	茫
3373	茯
3374	茵
3375	茶
3376	茹
3377	荆
3378	荇
3379	草
3380	荏
3381	荐
3382	荑
3383	荒
3384	荔
3385	荚
3386	荡
3387	荣
3388	荤
3389	荧
3390	荨
3391	荫
3392	药
3393	荷
3394	荻
3395	荼
3396	莉
3397	莒
3398	莠
3399	莫
3400	莱
3401	莲
3402	莳
3403	获
3404	莹
3405	莺
3406	莼
3407	莽
3408	菁
3409	菇
3410	菊
3411	菌
3412	菖
3413	菜
3414	菡
3415	菩
3416	菱
3417	菲
3418	萃
3419	萄
3420	萌
3421	萍
3422	萎
3423	萝
3424	萤
3425	营
3426	萦
3427	萧
3428	萨
3429	萱
3430	萼
3431	落
3432	葆
3433	著
3434	葛
3435	葡
3436	董
3437	葩
3438	葫
3439	葬
3440	葭
3441	葱
3442	葳
3443	葵
3444	葹
3445	葺
3446	蒂
3447	蒋
3448	蒙
3449	蒜
3450	蒩
3451	蒲
3452	蒸
3453	蒹
3454	蒿
3455	蓁
3456	蓄
3457	蓉
3458	蓊
3459	蓍
3460	蓑
3461	蓝
3462	蓦
3463	蓬
3464	蓼
3465	蔑
3466	蔓
3467	蔚
3468	蔡
3469	蔬
3470	蔷
3471	蔺
3472	蔻
3473	蔼
3474	蔽
3475	蕃
3476	蕉
3477	蕊
3478	蕖
3479	蕙
3480	蕤
3481	蕴
3482	薄
3483	薇
3484	薋
3485	薛
3486	薜
3487	薨
3488	薪
3489	薰
3490	藏
3491	藐
3492	藓
3493	藕
3494	藜
3495	藤
3496	藩
3497	藻
3498	藿
3499	蘅
3500	蘑
3501	蘩
3502	蘸
3503	蘼
3504	虎
3505	虏
3506	虐
3507	虑
3508	虔
3509	虚
3510	虞
3511	虫
3512	虬
3513	虱
3514	虹
3515	虼
3516	虽
3517	虾
3518	虿
3519	蚁
3520	蚂
3521	蚊
3522	蚌
3523	蚍
3524	蚓
3525	蚤
3526	蚩
3527	蚰
3528	蚱
3529	蛆
3530	蛇
3531	蛊
3532	蛋
3533	蛏
3534	蛔
3535	蛙
3536	蛛
3537	蛟
3538	蛤
3539	蛩
3540	蛮
3541	蛰
3542	蛲
3543	蛾
3544	蜀
3545	蜂
3546	蜃
3547	蜜
3548	蜡
3549	蜮
3550	蝇
3551	蝈
3552	蝉
3553	蝌
3554	蝎
3555	蝗
3556	蝠
3557	蝴
3558	蝶
3559	螂
3560	螃
3561	螅
3562	融
3563	螫
3564	螭
3565	螯
3566	螺
3567	蟀
3568	蟆
3569	蟋
3570	蟒
3571	蟠
3572	蟹
3573	蟾
3574	蠓
3575	蠖
3576	蠡
3577	蠢
3578	蠲
3579	蠹
3580	血
3581	衄
3582	衅
3583	行
3584	衍
3585	衔
3586	街
3587	衙
3588	衡
3589	衢
3590	衣
3591	补
3592	表
3593	衫
3594	衬
3595	衰
3596	衲
3597	衷
3598	衾
3599	衿
3600	袂
3601	袄
3602	袅
3603	袋
3604	袍
3605	袖
3606	袜
3607	被
3608	袭
3609	袱
3610	袷
3611	裁
3612	裂
3613	装
3614	裉
3615	裔
3616	裕
3617	裘
3618	裙
3619	裢
3620	裤
3621	裨
3622	裱
3623	裳
3624	裹
3625	裾
3626	褂
3627	褒
3628	褓
3629	褛
3630	褡
3631	褥
3632	褪
3633	褫
3634	褴
3635	褶
3636	襁
3637	襄
3638	襟
3639	西
3640	要
3641	覆
3642	见
3643	观
3644	规
3645	觅
3646	视
3647	觇
3648	览
3649	觉
3650	觊
3651	觌
3652	觎
3653	觐
3654	觑
3655	角
3656	觚
3657	觞
3658	解
3659	觥
3660	触
3661	觯
3662	言
3663	詹
3664	誉
3665	誊
3666	誓
3667	謑
3668	警
3669	譬
3670	计
3671	订
3672	讣
3673	认
3674	讥
3675	讨
3676	让
3677	讪
3678	讫
3679	训
3680	议
3681	讯
3682	记
3683	讲
3684	讳
3685	讵
3686	讶
3687	许
3688	讹
3689	论
3690	讼
3691	讽
3692	设
3693	访
3694	证
3695	评
3696	识
3697	诈
3698	诉
3699	诊
3700	诋
3701	诌
3702	词
3703	诎
3704	诏
3705	诐
3706	诒
3707	诓
3708	诔
3709	试
3710	诗
3711	诘
3712	诙
3713	诚
3714	诛
3715	话
3716	诞
3717	诟
3718	诡
3719	询
3720	诣
3721	该
3722	详
3723	诧
3724	诨
3725	诬
3726	语
3727	诮
3728	误
3729	诰
3730	诱
3731	诲
3732	诳
3733	说
3734	诵
3735	诶
3736	请
3737	诸
3738	诺
3739	读
3740	诼
3741	诽
3742	课
3743	谁
3744	调
3745	谅
3746	谆
3747	谇
3748	谈
3749	谊
3750	谋
3751	谎
3752	谏
3753	谐
3754	谑
3755	谒
3756	谓
3757	谕
3758	谖
3759	谗
3760	谙
3761	谚
3762	谛
3763	谜
3764	谢
3765	谣
3766	谤
3767	谥
3768	谦
3769	谨
3770	谪
3771	谬
3772	谭
3773	谯
3774	谱
3775	谲
3776	谴
3777	谵
3778	谶
3779	谷
3780	豁
3781	豆
3782	豇
3783	豕
3784	象
3785	豪
3786	豫
3787	豹
3788	貂
3789	貉
3790	貌
3791	贝
3792	贞
3793	负
3794	贡
3795	财
3796	责
3797	贤
3798	败
3799	账
3800	货
3801	质
3802	贩
3803	贪
3804	贫
3805	贬
3806	购
3807	贮
3808	贯
3809	贱
3810	贴
3811	贵
3812	贷
3813	贸
3814	费
3815	贺
3816	贻
3817	贼
3818	贽
3819	贾
3820	贿
3821	赁
3822	赃
3823	资
3824	赈
3825	赊
3826	赋
3827	赌
3828	赍
3829	赎
3830	赏
3831	赐
3832	赔
3833	赖
3834	赘
3835	赚
3836	赛
3837	赞
3838	赠
3839	赡
3840	赢
3841	赤
3842	赦
3843	赧
3844	赫
3845	赭
3846	走
3847	赴
3848	赵
3849	赶
3850	起
3851	趁
3852	趄
3853	超
3854	越
3855	趋
3856	趔
3857	趟
3858	趣
3859	趱
3860	足
3861	趸
3862	趺
3863	趾
3864	跃
3865	跄
3866	跋
3867	跌
3868	跏
3869	跑
3870	跖
3871	跛
3872	跟
3873	跣
3874	跤
3875	跨
3876	跪
3877	路
3878	跳
3879	践
3880	跷
3881	跸
3882	跹
3883	跺
3884	踉
3885	踊
3886	踌
3887	踏
3888	踞
3889	踟
3890	踢
3891	踩
3892	踪
3893	踮
3894	踱
3895	踹
3896	蹁
3897	蹄
3898	蹇
3899	蹈
3900	蹋
3901	蹑
3902	蹙
3903	蹦
3904	蹬
3905	蹭
3906	蹰
3907	蹲
3908	蹶
3909	蹿
3910	躁
3911	躇
3912	身
3913	躬
3914	躯
3915	躲
3916	躺
3917	车
3918	轧
3919	轨
3920	轩
3921	轫
3922	转
3923	轮
3924	软
3925	轰
3926	轲
3927	轳
3928	轴
3929	轸
3930	轻
3931	轼
3932	载
3933	轿
3934	较
3935	辅
3936	辆
3937	辈
3938	辉
3939	辍
3940	辏
3941	辐
3942	输
3943	辔
3944	辕
3945	辖
3946	辗
3947	辘
3948	辙
3949	辛
3950	辜
3951	辞
3952	辟
3953	辣
3954	辨
3955	辩
3956	辫
3957	辰
3958	辱
3959	边
3960	达
3961	迁
3962	迂
3963	迄
3964	迅
3965	过
3966	迈
3967	迎
3968	运
3969	近
3970	返
3971	还
3972	这
3973	进
3974	远
3975	违
3976	连
3977	迟
3978	迢
3979	迤
3980	迥
3981	迩
3982	迫
3983	迭
3984	述
3985	迷
3986	迸
3987	迹
3988	追
3989	退
3990	送
3991	适
3992	逃
3993	逅
3994	逆
3995	选
3996	逊
3997	逋
3998	逍
3999	透
4000	逐
4001	逑
4002	递
4003	途
4004	逗
4005	通
4006	逛
4007	逝
4008	逞
4009	速
4010	造
4011	逡
4012	逢
4013	逭
4014	逮
4015	逵
4016	逶
4017	逸
4018	逻
4019	逼
4020	逾
4021	遁
4022	遂
4023	遇
4024	遍
4025	遏
4026	遐
4027	道
4028	遗
4029	遣
4030	遥
4031	遨
4032	遭
4033	遮
4034	遵
4035	遽
4036	避
4037	邀
4038	邂
4039	邑
4040	邓
4041	邙
4042	邢
4043	那
4044	邦
4045	邪
4046	邬
4047	邱
4048	邸
4049	邻
4050	郁
4051	郊
4052	郎
4053	郑
4054	郝
4055	郡
4056	部
4057	郭
4058	都
4059	鄙
4060	鄱
4061	酉
4062	酌
4063	配
4064	酒
4065	酗
4066	酡
4067	酣
4068	酥
4069	酪
4070	酬
4071	酱
4072	酴
4073	酷
4074	酸
4075	酹
4076	酽
4077	酿
4078	醁
4079	醅
4080	醉
4081	醋
4082	醍
4083	醐
4084	醑
4085	醒
4086	醚
4087	醢
4088	醪
4089	醮
4090	醺
4091	醽
4092	采
4093	释
4094	里
4095	重
4096	野
4097	量
4098	金
4099	釜
4100	鉴
4101	銮
4102	錾
4103	鎏
4104	鏊
4105	针
4106	钉
4107	钊
4108	钍
4109	钏
4110	钓
4111	钗
4112	钚
4113	钝
4114	钟
4115	钢
4116	钤
4117	钥
4118	钦
4119	钩
4120	钮
4121	钱
4122	钵
4123	钻
4124	钿
4125	铁
4126	铃
4127	铄
4128	铅
4129	铙
4130	铛
4131	铜
4132	铞
4133	铢
4134	铫
4135	铭
4136	铰
4137	铲
4138	银
4139	铸
4140	铺
4141	铿
4142	销
4143	锁
4144	锄
4145	锅
4146	锈
4147	锋
4148	锎
4149	错
4150	锝
4151	锞
4152	锡
4153	锢
4154	锣
4155	锤
4156	锥
4157	锦
4158	锨
4159	锭
4160	键
4161	锯
4162	锱
4163	锴
4164	锵
4165	锹
4166	锺
4167	锻
4168	锼
4169	锾
4170	镀
4171	镂
4172	镆
4173	镇
4174	镌
4175	镒
4176	镛
4177	镜
4178	镢
4179	镫
4180	镯
4181	镶
4182	长
4183	门
4184	闩
4185	闪
4186	闭
4187	问
4188	闯
4189	闱
4190	闲
4191	间
4192	闷
4193	闸
4194	闹
4195	闺
4196	闻
4197	闽
4198	阁
4199	阃
4200	阄
4201	阅
4202	阆
4203	阊
4204	阋
4205	阌
4206	阎
4207	阐
4208	阑
4209	阔
4210	阕
4211	阖
4212	阗
4213	阙
4214	阜
4215	队
4216	阮
4217	防
4218	阳
4219	阴
4220	阵
4221	阶
4222	阻
4223	阿
4224	陀
4225	附
4226	际
4227	陆
4228	陇
4229	陈
4230	陋
4231	陌
4232	降
4233	限
4234	陛
4235	陟
4236	陡
4237	院
4238	除
4239	陨
4240	险
4241	陪
4242	陵
4243	陶
4244	陷
4245	隅
4246	隆
4247	隋
4248	隍
4249	随
4250	隐
4251	隔
4252	隙
4253	障
4254	隧
4255	隶
4256	隼
4257	隽
4258	难
4259	雀
4260	雁
4261	雄
4262	雅
4263	集
4264	雇
4265	雉
4266	雌
4267	雏
4268	雕
4269	雠
4270	雨
4271	雪
4272	雯
4273	雳
4274	零
4275	雷
4276	雹
4277	雾
4278	需
4279	霁
4280	霄
4281	霆
4282	震
4283	霉
4284	霍
4285	霓
4286	霖
4287	霜
4288	霞
4289	霭
4290	霰
4291	露
4292	霸
4293	霹
4294	霾
4295	青
4296	靖
4297	静
4298	靛
4299	非
4300	靠
4301	靡
4302	面
4303	靥
4304	革
4305	靴
4306	靶
4307	靼
4308	鞋
4309	鞍
4310	鞒
4311	鞘
4312	鞫
4313	鞭
4314	鞯
4315	韦
4316	韩
4317	音
4318	韵
4319	韶
4320	顑
4321	页
4322	顶
4323	顷
4324	顸
4325	项
4326	顺
4327	须
4328	顽
4329	顾
4330	顿
4331	颁
4332	颂
4333	预
4334	颅
4335	领
4336	颇
4337	颈
4338	颊
4339	颏
4340	颐
4341	频
4342	颓
4343	颔
4344	颖
4345	颗
4346	题
4347	颜
4348	额
4349	颟
4350	颠
4351	颡
4352	颤
4353	颦
4354	颧
4355	风
4356	飒
4357	飕
4358	飘
4359	飚
4360	飞
4361	食
4362	飧
4363	飨
4364	餍
4365	餐
4366	餮
4367	饕
4368	饥
4369	饧
4370	饫
4371	饬
4372	饭
4373	饮
4374	饯
4375	饰
4376	饱
4377	饲
4378	饵
4379	饶
4380	饷
4381	饺
4382	饼
4383	饽
4384	饿
4385	馀
4386	馁
4387	馅
4388	馆
4389	馈
4390	馊
4391	馋
4392	馑
4393	馒
4394	馔
4395	首
4396	馗
4397	香
4398	馥
4399	駬
4400	騄
4401	马
4402	驭
4403	驮
4404	驯
4405	驰
4406	驱
4407	驳
4408	驴
4409	驶
4410	驸
4411	驹
4412	驻
4413	驼
4414	驾
4415	驿
4416	骀
4417	骂
4418	骄
4419	骆
4420	骇
4421	骊
4422	验
4423	骑
4424	骓
4425	骗
4426	骘
4427	骚
4428	骛
4429	骡
4430	骢
4431	骤
4432	骥
4433	骨
4434	骰
4435	骷
4436	骸
4437	骼
4438	髅
4439	髓
4440	高
4441	髯
4442	髻
4443	鬓
4444	鬟
4445	鬯
4446	鬼
4447	魁
4448	魂
4449	魄
4450	魇
4451	魔
4452	鱼
4453	鲁
4454	鲅
4455	鲈
4456	鲍
4457	鲔
4458	鲛
4459	鲜
4460	鲞
4461	鲟
4462	鲦
4463	鲫
4464	鲸
4465	鳅
4466	鳇
4467	鳌
4468	鳏
4469	鳖
4470	鳞
4471	鳷
4472	鸟
4473	鸠
4474	鸡
4475	鸣
4476	鸥
4477	鸦
4478	鸩
4479	鸪
4480	鸭
4481	鸮
4482	鸯
4483	鸳
4484	鸷
4485	鸹
4486	鸽
4487	鸾
4488	鸿
4489	鹃
4490	鹄
4491	鹅
4492	鹉
4493	鹊
4494	鹌
4495	鹑
4496	鹘
4497	鹞
4498	鹤
4499	鹦
4500	鹧
4501	鹭
4502	鹰
4503	鹾
4504	鹿
4505	麈
4506	麋
4507	麒
4508	麝
4509	麟
4510	麦
4511	麻
4512	麾
4513	黄
4514	黉
4515	黍
4516	黎
4517	黑
4518	默
4519	黛
4520	黜
4521	黥
4522	黧
4523	黹
4524	黻
4525	黼
4526	黾
4527	鼋
4528	鼎
4529	鼐
4530	鼓
4531	鼠
4532	鼻
4533	鼾
4534	齐
4535	齑
4536	齿
4537	龄
4538	龅
4539	龋
4540	龙
4541	龛
4542	龟
4543	︱
4544	！
4545	，
4546	．
4547	６
4548	：
4549	；
4550	？
4551	Ｋ
4552	Ｖ
